{
  "experiment_A": {
    "boolq": {
      "delta_norm_mean": [
        2.0186645088901924,
        1.3621273959327609,
        1.187106711865682,
        1.2267911047118742,
        1.3440467459971683,
        1.4616598066745201,
        1.5435227333824426,
        1.5907537928948248
      ],
      "delta_norm_std": [
        0.059137391838149644,
        0.05342110721138946,
        0.05537102430207502,
        0.07469974312422718,
        0.09303043514337568,
        0.09630650187527465,
        0.0946392987032988,
        0.09190847632426011
      ],
      "cos_sim_mean": [
        1.0,
        0.4284706711769104,
        0.40770944714546203,
        0.30707476019859314,
        0.21811423271894456,
        0.1554763622581959,
        0.11655358299612999,
        0.09073261825367808
      ],
      "cos_sim_std": [
        0.0,
        0.04230753410291711,
        0.04244100500424048,
        0.048106225212437834,
        0.051270496619982564,
        0.04653809204418926,
        0.04544560585897098,
        0.04064660971167912
      ],
      "k_range": [
        1,
        2,
        3,
        4,
        5,
        6,
        7,
        8
      ]
    },
    "arc": {
      "delta_norm_mean": [
        1.7837065023592091,
        1.1624214506831616,
        1.0084639922985266,
        1.0362300894673675,
        1.0971052636878962,
        1.140420180966245,
        1.1670971322845742,
        1.1867361054089585
      ],
      "delta_norm_std": [
        0.09389950619058024,
        0.05885962485006471,
        0.08300994250339998,
        0.11345621458522621,
        0.12334634178682273,
        0.11311254801084532,
        0.10293130288006441,
        0.09799579959726956
      ],
      "cos_sim_mean": [
        1.0,
        0.42836343348026273,
        0.39576699525117875,
        0.3170061045885086,
        0.25669458508491516,
        0.2161848959326744,
        0.1919604705274105,
        0.1756856533885002
      ],
      "cos_sim_std": [
        0.0,
        0.049562996957863314,
        0.0662831350797791,
        0.07144713050358664,
        0.07137428038698763,
        0.06866808029025562,
        0.06657089271720375,
        0.06529141270907336
      ],
      "k_range": [
        1,
        2,
        3,
        4,
        5,
        6,
        7,
        8
      ]
    }
  },
  "experiment_B": {
    "mean_step_size": [
      5.457819965344327,
      0.6081217908611425,
      0.30385169261103917,
      0.3466438443479724,
      0.579496107371263,
      0.5784118296860988,
      0.43332777653191035,
      0.4332379949674364,
      0.49095273439934717,
      0.5488211845591551,
      0.5754806585475931,
      0.46349390441054605,
      0.4440704102283486,
      0.3902795618413116,
      0.40950634452854207,
      0.34171420932758023,
      0.3457223772117223,
      0.3479871378602109,
      0.3544377254542616,
      0.37043125281115685,
      0.42459385833611457,
      0.3876309922006068,
      0.5125378541387785,
      0.49055006189461153,
      0.5552691239924266,
      0.32811849231548146,
      0.3390575935722704,
      0.2821200412363733,
      0.2941418976082717,
      0.2998436792904382,
      0.2987147788219059,
      0.30499375116755234,
      0.3075284562625165,
      0.330454526585661,
      0.617272483477813,
      0.9751622215550604
    ],
    "std_step_size": [
      0.08272896488448714,
      0.015072986060935899,
      0.011226969592190932,
      0.01145344375493848,
      0.020587969649732377,
      0.018067151423684216,
      0.012963267454074244,
      0.024060612206380352,
      0.025030880473820405,
      0.028214693681268395,
      0.02351762055343998,
      0.01852145150200825,
      0.014307678384955043,
      0.015024397011785125,
      0.012600204285076586,
      0.0165817282458728,
      0.016126077734971513,
      0.01668046882024949,
      0.019383821789750073,
      0.017671871430998395,
      0.029169052528070293,
      0.018602896708355413,
      0.03092367136447951,
      0.02611292851358257,
      0.0361957080469225,
      0.01847910943944113,
      0.045067518654884786,
      0.019389072821736634,
      0.02153100782806472,
      0.035550001705476945,
      0.0270400801037982,
      0.03654155960248003,
      0.0368932444176842,
      0.032571878054205396,
      0.031878228006179746,
      0.005962254641527683
    ],
    "z_scores": [
      5.83745516225086,
      0.04382283396454977,
      -0.3196696998652507,
      -0.2685485816471154,
      0.009625512952107345,
      0.008330193939749216,
      -0.16499268728522348,
      -0.16509994372793513,
      -0.0961517394972724,
      -0.02701990663441252,
      0.004828506359037817,
      -0.12895509331361357,
      -0.15215913195138972,
      -0.21641970796430748,
      -0.19345066829669047,
      -0.27443770954605734,
      -0.2696494010379224,
      -0.26694383255987736,
      -0.25923771735914786,
      -0.2401312464398284,
      -0.17542655533045762,
      -0.2195837891384395,
      -0.0703653414508358,
      -0.09663278725678519,
      -0.019316955026415842,
      -0.2906796658026282,
      -0.2776114029121271,
      -0.3456311501290559,
      -0.33126938714580223,
      -0.32445782372595067,
      -0.32580645079810927,
      -0.3183053536449798,
      -0.3152772993511842,
      -0.28788895116828106,
      0.054754596450119944,
      0.48230317409067053
    ],
    "layer_idx": [
      0,
      1,
      2,
      3,
      4,
      5,
      6,
      7,
      8,
      9,
      10,
      11,
      12,
      13,
      14,
      15,
      16,
      17,
      18,
      19,
      20,
      21,
      22,
      23,
      24,
      25,
      26,
      27,
      28,
      29,
      30,
      31,
      32,
      33,
      34,
      35
    ],
    "high_step_layers": [
      0
    ],
    "low_step_layers": []
  },
  "experiment_C": {
    "boolq": {
      "n_correct_group": 82,
      "n_wrong_group": 18,
      "mean_benefit_correct_group": 0.43767251256035594,
      "mean_benefit_wrong_group": 1.8689210547341242,