{
  "baseline": {
    "boolq": 0.862,
    "arc": 0.532
  },
  "configs": {
    "champion_10_21": {
      "t_start": 10,
      "t_end": 21,
      "n_t": 11,
      "alpha": 0.5,
      "boolq": {
        "acc": 0.876,
        "baseline": 0.862,
        "delta": 0.014000000000000012
      },
      "arc": {
        "acc": 0.57,
        "baseline": 0.532,
        "delta": 0.03799999999999992
      }
    },
    "n8_mid_8_16": {
      "t_start": 8,
      "t_end": 16,
      "n_t": 8,
      "alpha": 0.75,
      "boolq": {
        "acc": 0.878,
        "baseline": 0.862,
        "delta": 0.016000000000000014
      },
      "arc": {
        "acc": 0.57,
        "baseline": 0.532,
        "delta": 0.03799999999999992
      }
    },
    "n14_large_8_22": {
      "t_start": 8,
      "t_end": 22,
      "n_t": 14,
      "alpha": 0.42857142857142855,
      "boolq": {
        "acc": 0.88,
        "baseline": 0.862,
        "delta": 0.018000000000000016
      },
      "arc": {
        "acc": 0.574,
        "baseline": 0.532,
        "delta": 0.041999999999999926
      }
    },
    "n8_orig_8_16": {
      "t_start": 8,
      "t_end": 16,
      "n_t": 8,
      "alpha": 1.0,
      "boolq": {
        "acc": 0.868,
        "baseline": 0.862,
        "delta": 0.006000000000000005
      },
      "arc": {
        "acc": 0.548,
        "baseline": 0.532,
        "delta": 0.016000000000000014
      }
    }
  }
}