{
  "a3_layer_select": {
    "delta_norms_boolq": {
      "6": 0.40015554708919454,
      "8": 0.3785933666030313,
      "10": 0.36594025657940354,
      "12": 0.4197149950545185,
      "14": 0.46823020934624465,
      "16": 0.5854875335925989,
      "18": 0.6385856678831306
    },
    "delta_norms_arc": {
      "6": 0.4604577588838184,
      "8": 0.41784024077473114,
      "10": 0.4138222825032296,
      "12": 0.4462141571459142,
      "14": 0.4773424887918511,
      "16": 0.5709376594548615,
      "18": 0.6357470960158393
    },
    "cos_sims_boolq": {
      "6": 0.450078125,
      "8": 0.685234375,
      "10": 0.817265625,
      "12": 0.84078125,
      "14": 0.864765625,
      "16": 0.860546875,
      "18": 0.883984375
    },
    "cos_sims_arc": {
      "6": 0.40439453125,
      "8": 0.59828125,
      "10": 0.7338671875,
      "12": 0.794765625,
      "14": 0.821640625,
      "16": 0.870546875,
      "18": 0.897265625
    },
    "selected_n_t": 10,
    "selected_alpha": 0.6,
    "avg_delta": {
      "6": 0.4303066529865065,
      "8": 0.39821680368888124,
      "10": 0.3898812695413166,
      "12": 0.4329645761002163,
      "14": 0.4727863490690479,
      "16": 0.5782125965237301,
      "18": 0.637166381949485
    },
    "validation": {
      "2": {
        "boolq": {
          "acc": 0.87,
          "delta": 0.050000000000000044
        },
        "arc": {
          "acc": 0.58,
          "delta": 0.039999999999999925
        },
        "commonsenseqa": {
          "acc": 0.66,
          "delta": 0.010000000000000009
        },
        "truthfulqa": {
          "acc": 0.26,
          "delta": 0.010000000000000009
        }
      },
      "3": {
        "boolq": {
          "acc": 0.89,
          "delta": 0.07000000000000006
        },
        "arc": {
          "acc": 0.54,
          "delta": 0.0
        },
        "commonsenseqa": {
          "acc": 0.64,
          "delta": -0.010000000000000009
        },
        "truthfulqa": {
          "acc": 0.26,
          "delta": 0.010000000000000009
        }
      }
    },
    "champion": {
      "boolq": {
        "acc": 0.87,
        "delta": 0.050000000000000044
      },
      "arc": {
        "acc": 0.58,
        "delta": 0.039999999999999925
      },
      "commonsenseqa": {
        "acc": 0.67,
        "delta": 0.020000000000000018
      },
      "truthfulqa": {
        "acc": 0.27,
        "delta": 0.020000000000000018
      }
    }
  },
  "a4_k3_r2": {
    "opt_10_21": {
      "H0_k2": {
        "alpha": 0.5454545454545454,
        "k": 2,
        "eff_step": 6.0,
        "boolq": {
          "acc": 0.85,
          "delta": 0.030000000000000027
        },
        "arc": {
          "acc": 0.55,
          "delta": 0.010000000000000009
        }
      },
      "H1_k3": {
        "alpha": 0.5454545454545454,
        "k": 3,
        "eff_step": 6.0,
        "boolq": {
          "acc": 0.86,
          "delta": 0.040000000000000036
        },
        "arc": {
          "acc": 0.52,
          "delta": -0.020000000000000018
        }
      },
      "H2_k3": {
        "alpha": 0.36363636363636365,
        "k": 3,
        "eff_step": 4.0,
        "boolq": {
          "acc": 0.85,
          "delta": 0.030000000000000027
        },
        "arc": {
          "acc": 0.54,
          "delta": 0.0
        }
      },
      "H3_k3": {
        "alpha": 0.2727272727272727,
        "k": 3,
        "eff_step": 3.0,
        "boolq": {
          "acc": 0.83,
          "delta": 0.010000000000000009
        },
        "arc": {
          "acc": 0.56,
          "delta": 0.020000000000000018
        }
      },
      "H4_k3": {
        "alpha": 0.18181818181818182,
        "k": 3,
        "eff_step": 2.0,
        "boolq": {
          "acc": 0.81,
          "delta": -0.009999999999999898
        },
        "arc": {
          "acc": 0.56,
          "delta": 0.020000000000000018
        }
      }
    },
    "opt_8_22": {
      "H0_k2": {
        "alpha": 0.42857142857142855,
        "k": 2,
        "eff_step": 6.0,
        "boolq": {
          "acc": 0.87,
          "delta": 0.050000000000000044
        },
        "arc": {
          "acc": 0.58,
          "delta": 0.039999999999999925
        }
      },
      "H1_k3": {
        "alpha": 0.42857142857142855,
        "k": 3,
        "eff_step": 6.0,
        "boolq": {
          "acc": 0.87,
          "delta": 0.050000000000000044
        },
        "arc": {
          "acc": 0.53,
          "delta": -0.010000000000000009
        }
      },
      "H2_k3": {
        "alpha": 0.2857142857142857,
        "k": 3,
        "eff_step": 4.0,
        "boolq": {
          "acc": 0.87,
          "delta": 0.050000000000000044
        },
        "arc": {
          "acc": 0.58,
          "delta": 0.039999999999999925
        }
      },
      "H3_k3": {
        "alpha": 0.21428571428571427,
        "k": 3,
        "eff_step": 3.0,
        "boolq": {
          "acc": 0.87,
          "delta": 0.050000000000000044
        },
        "arc": {
          "acc": 0.58,
          "delta": 0.039999999999999925
        }
      },
      "H4_k3": {
        "alpha": 0.14285714285714285,
        "k": 3,
        "eff_step": 2.0,
        "boolq": {
          "acc": 0.86,
          "delta": 0.040000000000000036
        },
        "arc": {
          "acc": 0.55,
          "delta": 0.010000000000000009
        }
      }
    }
  },
  "layer_profile": {
    "boolq": {
      "step_size": [
        6.924510932879687,
        0.5940613095855655,
        0.38851098388485517,
        0.4202736365904067,
        0.5631546384329531,
        0.536240855322716,
        2.6888085221252274,
        0.15142723512762093,
        0.18499837252675344,
        0.19537326839285685,
        0.20275321745921945,
        0.19427626324956604,
        0.2029126938041909,
        0.18708541255008793,
        0.19150692499890115,
        0.17670360537515944,
        0.2307563138418073,
        0.16254009564905014,
        0.18001206533672476,
        0.2100599953240973,
        0.18125428667462262,
        0.20119499892424908,
        0.2605885034352352,
        0.30451737809457724,
        0.3204941538840658,
        0.2598004627647893,
        0.2675513549239189,
        0.2659534835290223,
        0.28515055639776177,
        0.3081723258057326,
        0.32297417417237934,
        0.30332612776254064,
        0.29495957741315004,
        0.32002296270031644,
        0.5760646320508569,
        0.9695490195281002
      ],
      "norm": [
        11.841796875,
        16.4443359375,
        19.64453125,
        23.974609375,
        31.7890625,
        40.38671875,
        135.875,
        139.578125,
        144.5703125,
        146.8671875,
        149.828125,
        153.8203125,
        158.8203125,
        161.7890625,
        166.53125,
        170.5703125,
        184.9140625,
        190.5390625,
        197.3984375,
        213.203125,
        221.75,
        232.5,
        254.890625,
        292.703125,
        343.15625,
        380.8125,
        426.90625,
        476.09375,
        534.8125,
        612.6875,
        713.9375,
        814.0625,
        913.0625,
        1052.8125,
        1445.75,
        149.984375
      ],