{
  "bench_results": {
    "BoolQ": {
      "accuracies": {
        "Baseline": 0.86,
        "Champion": 0.89,
        "EncBias-Filter": 0.875,
        "S2_disc_4.5_2.0": 0.88,
        "S2_disc_4.0_2.5": 0.89,
        "S2_disc_3.5_3.0": 0.88,
        "S3_lin_k3.0": 0.855,
        "S3_lin_k4.0": 0.85,
        "S3_lin_k5.0": 0.84,
        "S4_ent_0.5": 0.88,
        "S4_ent_0.6": 0.885,
        "S4_ent_0.7": 0.885,
        "S4_ent_0.8": 0.88,
        "S5_str_k3": 0.885,
        "S5_str_k5": 0.89,
        "S5_str_k7": 0.875,
        "S6_ebf+S3_lin_k3.0": 0.86,
        "S6_ebf+S3_lin_k4.0": 0.855,
        "S6_ebf+S3_lin_k5.0": 0.845,
        "S6_ebf+S4_ent_0.5": 0.87,
        "S6_ebf+S4_ent_0.6": 0.875,
        "S6_ebf+S4_ent_0.7": 0.88,
        "S6_ebf+S4_ent_0.8": 0.875
      },
      "n_samples": 200,
      "t_stop_stats": {
        "S2_disc_4.5_2.0": {
          "mean": 26.0,
          "std": 0.0,
          "min": 26,
          "max": 26
        },
        "S2_disc_4.0_2.5": {
          "mean": 24.0,
          "std": 0.0,
          "min": 24,
          "max": 24
        },
        "S2_disc_3.5_3.0": {
          "mean": 26.0,
          "std": 0.0,
          "min": 26,
          "max": 26
        },
        "S3_lin_k3.0": {
          "mean": 28.43,
          "std": 0.5050742519669756,
          "min": 27,
          "max": 29
        },
        "S3_lin_k4.0": {
          "mean": 30.585,
          "std": 0.5592629077634238,
          "min": 28,
          "max": 32
        },
        "S3_lin_k5.0": {
          "mean": 31.97,
          "std": 0.19773719933285192,
          "min": 30,
          "max": 32
        },
        "S4_ent_0.5": {
          "mean": 19.375,
          "std": 0.85110222652746,
          "min": 17,
          "max": 24
        },
        "S4_ent_0.6": {
          "mean": 18.99,
          "std": 0.9219002115196634,
          "min": 12,
          "max": 20
        },
        "S4_ent_0.7": {
          "mean": 18.445,
          "std": 1.4889509730007904,
          "min": 12,
          "max": 20
        },
        "S4_ent_0.8": {
          "mean": 17.28,
          "std": 2.4436857408431223,
          "min": 12,
          "max": 20
        },
        "S5_str_k3": {
          "mean": 22.45,
          "std": 3.4867606743222286,
          "min": 15,
          "max": 32
        },
        "S5_str_k5": {
          "mean": 23.375,
          "std": 2.065036319293198,
          "min": 17,
          "max": 31
        },
        "S5_str_k7": {
          "mean": 23.69,
          "std": 2.0769930187653496,
          "min": 22,
          "max": 31
        }
      },
      "entropy_8_mean": 5.639048821926117
    },
    "ARC-C": {
      "accuracies": {
        "Baseline": 0.53,
        "Champion": 0.56,
        "EncBias-Filter": 0.555,
        "S2_disc_4.5_2.0": 0.505,
        "S2_disc_4.0_2.5": 0.535,
        "S2_disc_3.5_3.0": 0.51,
        "S3_lin_k3.0": 0.46,
        "S3_lin_k4.0": 0.47,
        "S3_lin_k5.0": 0.495,
        "S4_ent_0.5": 0.565,
        "S4_ent_0.6": 0.56,
        "S4_ent_0.7": 0.55,
        "S4_ent_0.8": 0.535,
        "S5_str_k3": 0.565,
        "S5_str_k5": 0.56,
        "S5_str_k7": 0.555,
        "S6_ebf+S3_lin_k3.0": 0.47,
        "S6_ebf+S3_lin_k4.0": 0.48,
        "S6_ebf+S3_lin_k5.0": 0.495,
        "S6_ebf+S4_ent_0.5": 0.56,
        "S6_ebf+S4_ent_0.6": 0.555,
        "S6_ebf+S4_ent_0.7": 0.55,
        "S6_ebf+S4_ent_0.8": 0.535
      },
      "n_samples": 200,
      "t_stop_stats": {
        "S2_disc_4.5_2.0": {
          "mean": 25.98,
          "std": 0.2821347195933177,
          "min": 22,
          "max": 26
        },
        "S2_disc_4.0_2.5": {
          "mean": 24.0,
          "std": 0.0,
          "min": 24,
          "max": 24
        },
        "S2_disc_3.5_3.0": {
          "mean": 26.0,
          "std": 0.0,
          "min": 26,
          "max": 26
        },
        "S3_lin_k3.0": {
          "mean": 27.7,
          "std": 0.6324555320336759,
          "min": 25,
          "max": 29
        },
        "S3_lin_k4.0": {
          "mean": 29.585,
          "std": 0.8560227800707175,
          "min": 26,
          "max": 31
        },
        "S3_lin_k5.0": {
          "mean": 31.4,
          "std": 0.916515138991168,
          "min": 27,
          "max": 32
        },
        "S4_ent_0.5": {
          "mean": 19.74,
          "std": 3.1531571480026175,
          "min": 12,
          "max": 31
        },
        "S4_ent_0.6": {
          "mean": 18.73,
          "std": 3.316187570087072,
          "min": 12,
          "max": 30
        },
        "S4_ent_0.7": {
          "mean": 17.305,
          "std": 3.4046989587920984,
          "min": 12,
          "max": 28
        },
        "S4_ent_0.8": {
          "mean": 15.255,
          "std": 3.4058736030569308,
          "min": 12,
          "max": 27
        },
        "S5_str_k3": {
          "mean": 16.535,
          "std": 2.8493464162856714,
          "min": 13,
          "max": 30
        },
        "S5_str_k5": {
          "mean": 19.13,
          "std": 3.4861296590918704,
          "min": 15,
          "max": 32
        },
        "S5_str_k7": {
          "mean": 20.745,
          "std": 2.874017223330438,
          "min": 17,
          "max": 32
        }
      },
      "entropy_8_mean": 5.393316745758057
    },
    "ARC-Easy": {
      "accuracies": {
        "Baseline": 0.81,
        "Champion": 0.81,
        "EncBias-Filter": 0.81,
        "S2_disc_4.5_2.0": 0.81,
        "S2_disc_4.0_2.5": 0.81,
        "S2_disc_3.5_3.0": 0.81,
        "S3_lin_k3.0": 0.78,
        "S3_lin_k4.0": 0.81,
        "S3_lin_k5.0": 0.805,
        "S4_ent_0.5": 0.825,
        "S4_ent_0.6": 0.825,
        "S4_ent_0.7": 0.82,
        "S4_ent_0.8": 0.81,
        "S5_str_k3": 0.81,
        "S5_str_k5": 0.81,
        "S5_str_k7": 0.815,
        "S6_ebf+S3_lin_k3.0": 0.78,
        "S6_ebf+S3_lin_k4.0": 0.81,
        "S6_ebf+S3_lin_k5.0": 0.805,
        "S6_ebf+S4_ent_0.5": 0.825,
        "S6_ebf+S4_ent_0.6": 0.825,
        "S6_ebf+S4_ent_0.7": 0.82,
        "S6_ebf+S4_ent_0.8": 0.81
      },
      "n_samples": 200,
      "t_stop_stats": {
        "S2_disc_4.5_2.0": {
          "mean": 26.0,
          "std": 0.0,
          "min": 26,
          "max": 26
        },
        "S2_disc_4.0_2.5": {
          "mean": 24.0,
          "std": 0.0,
          "min": 24,
          "max": 24
        },
        "S2_disc_3.5_3.0": {
          "mean": 26.0,
          "std": 0.0,
          "min": 26,
          "max": 26
        },
        "S3_lin_k3.0": {
          "mean": 27.6,
          "std": 0.6324555320336759,
          "min": 25,
          "max": 29
        },
        "S3_lin_k4.0": {
          "mean": 29.465,
          "std": 0.8881300580433025,
          "min": 27,
          "max": 31
        },
        "S3_lin_k5.0": {
          "mean": 31.29,
          "std": 0.9674192472759676,
          "min": 28,
          "max": 32
        },
        "S4_ent_0.5": {
          "mean": 20.01,
          "std": 2.9240212037534885,
          "min": 12,
          "max": 29
        },
        "S4_ent_0.6": {
          "mean": 18.66,
          "std": 2.8238980151556468,
          "min": 12,
          "max": 27
        },
        "S4_ent_0.7": {
          "mean": 17.175,
          "std": 3.0568570460523663,
          "min": 12,
          "max": 25
        },
        "S4_ent_0.8": {
          "mean": 15.36,
          "std": 3.2203105440314292,
          "min": 12,
          "max": 24
        },
        "S5_str_k3": {
          "mean": 16.53,
          "std": 3.342020347035607,
          "min": 12,
          "max": 31
        },
        "S5_str_k5": {
          "mean": 18.89,
          "std": 3.3238381428703776,
          "min": 15,
          "max": 32
        },
        "S5_str_k7": {
          "mean": 20.37,
          "std": 2.3565016443872895,
          "min": 17,
          "max": 31
        }
      },
      "entropy_8_mean": 5.3703877019882205
    },
    "CSQA": {
      "accuracies": {
        "Baseline": 0.65,