{
  "phase": 2,
  "N": 400,
  "results": {
    "BoolQ": {
      "bench": "BoolQ",
      "n": 400,
      "accuracies": {
        "Baseline": 0.865,
        "Champion": 0.8775,
        "EncBias-Filter": 0.87,
        "V2_gate_5.4": 0.8775,
        "S1_slope0.05": 0.8775,
        "S1_slope0.05_e53": 0.8775,
        "S1_slope0.10": 0.8775,
        "S1_slope0.10_e53": 0.8775,
        "S1_slope0.20": 0.8775,
        "S1_slope0.20_e53": 0.8775,
        "S2_k3>5.7": 0.8775,
        "S2_k3>5.8": 0.8775,
        "S3_combined": 0.8775
      },
      "t_stop_stats": {
        "V2_gate_5.4": {
          "mean": 21.93,
          "std": 0.4528796749689701
        },
        "S1_slope0.05": {
          "mean": 21.93,
          "std": 0.4528796749689701
        },
        "S1_slope0.05_e53": {
          "mean": 21.9825,
          "std": 0.2054111730164647
        },
        "S1_slope0.10": {
          "mean": 21.93,
          "std": 0.4528796749689701
        },
        "S1_slope0.10_e53": {
          "mean": 21.9825,
          "std": 0.2054111730164647
        },
        "S1_slope0.20": {
          "mean": 21.93,
          "std": 0.4528796749689701
        },
        "S1_slope0.20_e53": {
          "mean": 21.9825,
          "std": 0.2054111730164647
        },
        "S2_k3>5.7": {
          "mean": 22.0,
          "std": 0.0
        },
        "S2_k3>5.8": {
          "mean": 22.0,
          "std": 0.0
        },
        "S3_combined": {
          "mean": 21.93,
          "std": 0.4528796749689701
        }
      },
      "k_stats": {
        "V2_gate_5.4": {
          "k3_fraction": 0.0
        },
        "S1_slope0.05": {
          "k3_fraction": 0.0
        },
        "S1_slope0.05_e53": {
          "k3_fraction": 0.0
        },
        "S1_slope0.10": {
          "k3_fraction": 0.0
        },
        "S1_slope0.10_e53": {
          "k3_fraction": 0.0
        },
        "S1_slope0.20": {
          "k3_fraction": 0.0
        },
        "S1_slope0.20_e53": {
          "k3_fraction": 0.0
        },
        "S2_k3>5.7": {
          "k3_fraction": 0.3025
        },
        "S2_k3>5.8": {
          "k3_fraction": 0.0425
        },
        "S3_combined": {
          "k3_fraction": 0.0425
        }
      },
      "entropy_8_mean": 5.638193176984787,
      "entropy_8_std": 0.10959010104180186,
      "slope_8_mean": -0.06816675484180451,
      "slope_8_std": 0.06198477942138219
    },
    "ARC-C": {
      "bench": "ARC-C",
      "n": 400,
      "accuracies": {
        "Baseline": 0.535,
        "Champion": 0.57,
        "EncBias-Filter": 0.5675,
        "V2_gate_5.4": 0.5675,
        "S1_slope0.05": 0.57,
        "S1_slope0.05_e53": 0.575,
        "S1_slope0.10": 0.57,
        "S1_slope0.10_e53": 0.575,
        "S1_slope0.20": 0.5675,
        "S1_slope0.20_e53": 0.575,
        "S2_k3>5.7": 0.5675,
        "S2_k3>5.8": 0.5675,
        "S3_combined": 0.5675
      },
      "t_stop_stats": {
        "V2_gate_5.4": {
          "mean": 20.8875,
          "std": 2.088023886357625
        },
        "S1_slope0.05": {
          "mean": 21.2175,
          "std": 1.9647375778968552
        },
        "S1_slope0.05_e53": {
          "mean": 21.465,
          "std": 1.6952212245013925
        },
        "S1_slope0.10": {
          "mean": 21.1675,
          "std": 1.9810208858061038
        },
        "S1_slope0.10_e53": {
          "mean": 21.43,
          "std": 1.7132133550728583
        },
        "S1_slope0.20": {
          "mean": 21.01,
          "std": 2.0383571816538923
        },
        "S1_slope0.20_e53": {
          "mean": 21.3875,
          "std": 1.7341694698039174
        },
        "S2_k3>5.7": {
          "mean": 22.0,
          "std": 0.0
        },
        "S2_k3>5.8": {
          "mean": 22.0,
          "std": 0.0
        },
        "S3_combined": {
          "mean": 21.1675,
          "std": 1.9810208858061038
        }
      },
      "k_stats": {
        "V2_gate_5.4": {
          "k3_fraction": 0.0
        },
        "S1_slope0.05": {
          "k3_fraction": 0.0
        },
        "S1_slope0.05_e53": {
          "k3_fraction": 0.0
        },
        "S1_slope0.10": {
          "k3_fraction": 0.0
        },
        "S1_slope0.10_e53": {
          "k3_fraction": 0.0
        },
        "S1_slope0.20": {
          "k3_fraction": 0.0
        },
        "S1_slope0.20_e53": {
          "k3_fraction": 0.0
        },
        "S2_k3>5.7": {
          "k3_fraction": 0.0075
        },
        "S2_k3>5.8": {
          "k3_fraction": 0.0025
        },
        "S3_combined": {
          "k3_fraction": 0.0025
        }
      },
      "entropy_8_mean": 5.384368921518326,
      "entropy_8_std": 0.202993847895578,
      "slope_8_mean": 0.06326553046703338,
      "slope_8_std": 0.18897590947682727
    },
    "ARC-Easy": {
      "bench": "ARC-Easy",
      "n": 400,
      "accuracies": {
        "Baseline": 0.8425,
        "Champion": 0.845,
        "EncBias-Filter": 0.85,
        "V2_gate_5.4": 0.8425,
        "S1_slope0.05": 0.8475,
        "S1_slope0.05_e53": 0.8475,
        "S1_slope0.10": 0.845,
        "S1_slope0.10_e53": 0.845,
        "S1_slope0.20": 0.845,
        "S1_slope0.20_e53": 0.845,
        "S2_k3>5.7": 0.845,
        "S2_k3>5.8": 0.845,
        "S3_combined": 0.845
      },
      "t_stop_stats": {
        "V2_gate_5.4": {
          "mean": 21.0375,
          "std": 1.6389306727253596
        },
        "S1_slope0.05": {
          "mean": 21.365,
          "std": 1.3385720003048025
        },
        "S1_slope0.05_e53": {
          "mean": 21.5575,
          "std": 1.1143131292415072
        },
        "S1_slope0.10": {
          "mean": 21.2525,
          "std": 1.474362150219545
        },
        "S1_slope0.10_e53": {
          "mean": 21.5025,
          "std": 1.2369291612699573
        },
        "S1_slope0.20": {
          "mean": 21.125,
          "std": 1.5554340230302282
        },
        "S1_slope0.20_e53": {
          "mean": 21.47,
          "std": 1.2665306944563168
        },
        "S2_k3>5.7": {
          "mean": 22.0,
          "std": 0.0
        },
        "S2_k3>5.8": {
          "mean": 22.0,
          "std": 0.0
        },
        "S3_combined": {
          "mean": 21.2525,
          "std": 1.474362150219545
        }
      },
      "k_stats": {
        "V2_gate_5.4": {
          "k3_fraction": 0.0
        },
        "S1_slope0.05": {
          "k3_fraction": 0.0
        },
        "S1_slope0.05_e53": {
          "k3_fraction": 0.0
        },
        "S1_slope0.10": {
          "k3_fraction": 0.0
        },
        "S1_slope0.10_e53": {
          "k3_fraction": 0.0
        },
        "S1_slope0.20": {
          "k3_fraction": 0.0
        },
        "S1_slope0.20_e53": {
          "k3_fraction": 0.0
        },
        "S2_k3>5.7": {
          "k3_fraction": 0.0025
        },
        "S2_k3>5.8": {
          "k3_fraction": 0.0
        },
        "S3_combined": {
          "k3_fraction": 0.0
        }
      },
      "entropy_8_mean": 5.37990038394928,
      "entropy_8_std": 0.18866201013380637,
      "slope_8_mean": 0.06874326378107071,
      "slope_8_std": 0.18455546228712985
    },
    "CSQA": {
      "bench": "CSQA",
      "n": 400,
      "accuracies": {
        "Baseline": 0.67,
        "Champion": 0.67,
        "EncBias-Filter": 0.6675,
        "V2_gate_5.4": 0.67,
        "S1_slope0.05": 0.67,
        "S1_slope0.05_e53": 0.67,
        "S1_slope0.10": 0.67,
        "S1_slope0.10_e53": 0.67,
        "S1_slope0.20": 0.67,
        "S1_slope0.20_e53": 0.67,
        "S2_k3>5.7": 0.665,
        "S2_k3>5.8": 0.67,
        "S3_combined": 0.67
      },
      "t_stop_stats": {
        "V2_gate_5.4": {
          "mean": 21.9825,
          "std": 0.2054111730164647
        },
        "S1_slope0.05": {
          "mean": 21.9825,
          "std": 0.2054111730164647
        },
        "S1_slope0.05_e53": {
          "mean": 21.9825,
          "std": 0.2054111730164647
        },
        "S1_slope0.10": {
          "mean": 21.9825,