{
  "meta": {
    "timestamp": "2026-04-07 01:32:13",
    "total_time_s": 861.5120143890381,
    "n_eval": 300,
    "n_t8": 300,
    "n_mech": 120,
    "model": "/root/autodl-tmp/model_qwen"
  },
  "baselines": {
    "boolq": 0.8666666666666667,
    "arc": 0.52,
    "commonsenseqa": 0.6733333333333333,
    "truthfulqa": 0.2833333333333333
  },
  "t6_zero_shot": {
    "step_sizes": [
      7.93771996154018,
      0.8285511375439331,
      0.3667311831711298,
      0.33307726885174327,
      0.431193473394427,
      0.5097943360936408,
      13.763221242703477,
      0.03598507304192924,
      0.04613150136607658,
      0.045071622598347634,
      0.04563134372387849,
      0.04198867499354404,
      0.051236884606466936,
      0.04182880109287543,
      0.04855203384449107,
      0.041881492563244194,
      0.08054361175719744,
      0.038870373359869606,
      0.05148257721453331,
      0.05255875665113756,
      0.05138148573007083,
      0.07827575776329292,
      0.07720201339986632,
      0.0930869997720584,
      0.10149039153790311,
      0.10396403752010208,
      0.1081522163603327,
      0.11902176122360944,
      0.13560937105930432,
      0.14880762077288634,
      0.15939875233707584,
      0.16013412938063687,
      0.1637631338273346,
      0.19013898482043734,
      0.44158657937592405,
      0.9755905007883777
    ],
    "safe_layers": [
      1,
      2,
      3,
      4,
      5,
      7,
      8,
      9,
      10,
      11,
      12,
      13,
      14,
      15,
      16,
      17,
      18,
      19,
      20,
      21,
      22,
      23,
      24,
      25,
      26,
      27,
      28,
      29,
      30,
      31,
      32,
      33,
      34,
      35
    ],
    "threshold": 1.0,
    "zs_t_start": 8,
    "zs_n_e": 8,
    "zs_n_t": 14,
    "zs_alpha": 0.42857142857142855,
    "eff_step": 6.0,
    "commonsenseqa": {
      "baseline": 0.6733333333333333,
      "zs_selected": {
        "n_e": 8,
        "acc": 0.67,
        "delta": -0.0033333333333332993
      },
      "strict_selected": {
        "n_e": 8,
        "acc": 0.67,
        "delta": -0.0033333333333332993
      },
      "oracle_champion": {
        "n_e": 8,
        "acc": 0.67,
        "delta": -0.0033333333333332993
      }
    },
    "truthfulqa": {
      "baseline": 0.2833333333333333,
      "zs_selected": {
        "n_e": 8,
        "acc": 0.29333333333333333,
        "delta": 0.010000000000000009
      },
      "strict_selected": {
        "n_e": 8,
        "acc": 0.29333333333333333,
        "delta": 0.010000000000000009
      },
      "oracle_champion": {
        "n_e": 8,
        "acc": 0.29333333333333333,
        "delta": 0.010000000000000009
      }
    }
  },
  "t8_delta_norm_correlation": {
    "n_total": 300,
    "n_wrong": 40,
    "n_correct": 260,
    "n_corrected": 9,
    "n_reversed": 3,
    "overall_acc_base": 0.8666666666666667,
    "overall_acc_k2": 0.8866666666666667,
    "auc_dn_correction": 0.4731182795698925,
    "auc_cos_correction": 0.5197132616487455,
    "auc_margin_correction": 0.10752688172043011,
    "auc_dn_reversal": 0.3476005188067445,
    "quartile_dn_means": [
      0.937109375,
      0.9640625,
      0.974609375,
      0.995703125
    ],
    "quartile_correction": [
      0.2,
      0.4,
      0.2,
      0.1
    ],
    "stats": {
      "wrong_dn_mean": 0.96787109375,
      "corrected_dn_mean": 0.9652777777777778,
      "uncorrected_dn_mean": 0.9686239919354839
    }
  },
  "h1_difficulty_mediation": {
    "boolq": {
      "n_total": 120,
      "n_wrong": 20,
      "n_high_conf_wrong": 10,
      "n_low_conf_wrong": 10,
      "corr_rate_high_conf": 0.1,
      "corr_rate_low_conf": 0.5,
      "high_conf_mean_abs_margin": 3.9437500298023225,
      "low_conf_mean_abs_margin": 0.6875000238418579,
      "overall_acc_base": 0.8333333333333334,
      "overall_acc_k2": 0.875,
      "n_corrected": 6,
      "margin_change_correct_mean": -0.696874965429306,
      "margin_change_wrong_mean": 1.2531250268220901
    },
    "arc": {
      "n_total": 120,
      "n_wrong": 55,
      "n_high_conf_wrong": 27,
      "n_low_conf_wrong": 28,
      "corr_rate_high_conf": 0.0,
      "corr_rate_low_conf": 0.25,
      "high_conf_mean_abs_margin": 10.117605374994987,
      "low_conf_mean_abs_margin": 1.8723745322588214,
      "overall_acc_base": 0.5416666666666666,
      "overall_acc_k2": 0.5833333333333334,
      "n_corrected": 7,
      "margin_change_correct_mean": -0.28976401088405207,
      "margin_change_wrong_mean": 0.6409718530190534
    }
  },
  "h2_late_tblock": {
    "full_8_22": {
      "desc": "Full T-block  (layers 8-21)",
      "n_e": 8,
      "n_t": 14,
      "alpha": 0.42857142857142855,
      "eff_step": 6.0,
      "t_start": 8,
      "t_end": 22,
      "boolq": {
        "acc": 0.8866666666666667,
        "delta": 0.020000000000000018
      },
      "arc": {
        "acc": 0.5766666666666667,
        "delta": 0.05666666666666664
      }
    },
    "early_8_15": {
      "desc": "Early half    (layers 8-14)",
      "n_e": 8,
      "n_t": 7,
      "alpha": 0.8571428571428571,
      "eff_step": 6.0,
      "t_start": 8,
      "t_end": 15,
      "boolq": {
        "acc": 0.8833333333333333,
        "delta": 0.016666666666666607
      },
      "arc": {
        "acc": 0.5466666666666666,
        "delta": 0.026666666666666616
      }
    },
    "mid_11_18": {
      "desc": "Middle        (layers 11-17)",
      "n_e": 11,
      "n_t": 7,
      "alpha": 0.8571428571428571,
      "eff_step": 6.0,
      "t_start": 11,
      "t_end": 18,
      "boolq": {
        "acc": 0.89,
        "delta": 0.023333333333333317
      },
      "arc": {
        "acc": 0.55,
        "delta": 0.030000000000000027
      }
    },
    "late_15_22": {
      "desc": "Late half     (layers 15-21)",
      "n_e": 15,
      "n_t": 7,
      "alpha": 0.8571428571428571,
      "eff_step": 6.0,
      "t_start": 15,
      "t_end": 22,
      "boolq": {
        "acc": 0.8566666666666667,
        "delta": -0.010000000000000009
      },
      "arc": {
        "acc": 0.5066666666666667,
        "delta": -0.013333333333333308
      }
    },
    "very_late_18": {
      "desc": "Very late     (layers 18-21)",
      "n_e": 18,
      "n_t": 4,
      "alpha": 1.0,
      "eff_step": 4.0,
      "t_start": 18,
      "t_end": 22,
      "boolq": {
        "acc": 0.8633333333333333,
        "delta": -0.0033333333333334103
      },
      "arc": {
        "acc": 0.47,
        "delta": -0.050000000000000044
      }
    }
  },
  "h3_cosim_k_selection": {
    "boolq": {
      "n": 120,
      "cos_sim_median": 0.87109375,
      "overall_acc_k2": 0.875,
      "overall_acc_k3": 0.875,
      "high_cos_acc_k2": 0.8387096774193549,
      "high_cos_acc_k3": 0.8387096774193549,
      "low_cos_acc_k2": 0.9137931034482759,
      "low_cos_acc_k3": 0.9137931034482759,
      "k3_benefit_high_cos": 0.0,
      "k3_benefit_low_cos": 0.0,
      "cos_sim_mean": 0.86669921875
    },
    "arc": {
      "n": 120,
      "cos_sim_median": 0.828125,
      "overall_acc_k2": 0.5833333333333334,
      "overall_acc_k3": 0.5916666666666667,
      "high_cos_acc_k2": 0.6031746031746031,
      "high_cos_acc_k3": 0.6190476190476191,
      "low_cos_acc_k2": 0.5614035087719298,
      "low_cos_acc_k3": 0.5614035087719298,
      "k3_benefit_high_cos": 0.015873015873015928,
      "k3_benefit_low_cos": 0.0,
      "cos_sim_mean": 0.8214518229166666
    }
  }
}