{
  "n_e": 3,
  "n_t": 30,
  "n_d": 3,
  "distances": [
    0.4026658064685762,
    0.11063752381596714,
    0.08615717978682369,
    0.08700437255902216,
    0.11507879529381171,
    0.10579661885276437,
    0.129835881118197,
    0.15539059054572135,
    0.17704718036111444,
    0.1691732225008309,
    0.16713442164473236,
    0.1364891701960005,
    0.12463254592148587,
    0.11934916122118011,
    0.12008622655412182,
    0.1057281757821329,
    0.10332369938259944,
    0.09716878400649875,
    0.09591302060289308,
    0.1039777891128324,
    0.10787129733944312,
    0.11420685763005167,
    0.13881355471676216,
    0.13462300592800602,
    0.10703059227671474,
    0.0932611029711552,
    0.08781540737254545,
    0.0852657351642847,
    0.08922744786832482,
    0.08287392021156847,
    0.08326348618720658,
    0.08145574224181473,
    0.08971527410903946,
    0.08280675468267873,
    0.10195367410779,
    0.40566612873226404
  ],
  "meta": {
    "total_weight": 128,
    "num_texts": 128,
    "num_layers": 36,
    "dataset": "arc",
    "split": "train",
    "seed": 0,
    "max_samples": 128
  }
}