{
  "n_e": 3,
  "n_t": 30,
  "n_d": 3,
  "distances": [
    0.4003226316999644,
    0.11862802802352235,
    0.08142966736340895,
    0.08761884726118296,
    0.11537288298131898,
    0.10498290054965764,
    0.12033756251912564,
    0.13650428742403165,
    0.15180265391245484,
    0.16771312116179615,
    0.17574232548940927,
    0.14235846407245845,
    0.13441324699670076,
    0.12622793664922938,
    0.12328550568781793,
    0.10829826991539448,
    0.10572858183877543,
    0.10305084416177124,
    0.10289465769892558,
    0.10925882699666545,
    0.11802150070434436,
    0.11750519537599757,
    0.13371107599232346,
    0.12402639107313007,
    0.12394315702840686,
    0.08876435057027265,
    0.09610791999148205,
    0.07684289600001648,
    0.07675947103416547,
    0.07216761619201861,
    0.0725325079401955,
    0.07685697751003318,
    0.08322562728426419,
    0.07572173138032667,
    0.09239232161780819,
    0.41733066411688924
  ],
  "meta": {
    "total_weight": 128,
    "num_texts": 128,
    "num_layers": 36,
    "dataset": "boolq",
    "split": "train",
    "seed": 0,
    "max_samples": 128
  }
}